-- phpMyAdmin SQL Dump
-- version 5.2.1
-- https://www.phpmyadmin.net/
--
-- Host: 127.0.0.1
-- Waktu pembuatan: 07 Jul 2025 pada 15.46
-- Versi server: 10.4.28-MariaDB
-- Versi PHP: 8.2.4

SET SQL_MODE = "NO_AUTO_VALUE_ON_ZERO";
START TRANSACTION;
SET time_zone = "+00:00";


/*!40101 SET @OLD_CHARACTER_SET_CLIENT=@@CHARACTER_SET_CLIENT */;
/*!40101 SET @OLD_CHARACTER_SET_RESULTS=@@CHARACTER_SET_RESULTS */;
/*!40101 SET @OLD_COLLATION_CONNECTION=@@COLLATION_CONNECTION */;
/*!40101 SET NAMES utf8mb4 */;

--
-- Database: `db_wisata`
--

-- --------------------------------------------------------

--
-- Struktur dari tabel `kriteria`
--

CREATE TABLE `kriteria` (
  `no` int(11) NOT NULL,
  `nama_kriteria` varchar(100) DEFAULT NULL,
  `bobot` decimal(5,2) DEFAULT NULL,
  `jenis` enum('benefit','cost') DEFAULT NULL
) ENGINE=InnoDB DEFAULT CHARSET=utf8mb4 COLLATE=utf8mb4_general_ci;

--
-- Dumping data untuk tabel `kriteria`
--

INSERT INTO `kriteria` (`no`, `nama_kriteria`, `bobot`, `jenis`) VALUES
(11, 'Harga Tiket', 0.15, 'cost'),
(12, 'Jarak dari Kota', 0.10, 'cost'),
(21, 'Fasilitas Umum', 0.10, 'benefit'),
(22, 'Keamanan', 0.15, 'benefit'),
(23, 'Keindahan Alam', 0.15, 'benefit'),
(24, 'Akses Jalan', 0.10, 'benefit'),
(25, 'Kebersihan', 0.05, 'benefit'),
(26, 'Ramah Keluarga', 0.10, 'benefit'),
(27, 'Popularitas', 0.05, 'benefit'),
(29, 'Kuliner Sekitar', 0.05, 'benefit');

-- --------------------------------------------------------

--
-- Struktur dari tabel `penilaian`
--

CREATE TABLE `penilaian` (
  `id_penilaian` int(11) NOT NULL,
  `id_wisata` int(11) NOT NULL,
  `id_kriteria` int(11) NOT NULL,
  `nilai` int(11) DEFAULT NULL CHECK (`nilai` between 1 and 5)
) ENGINE=InnoDB DEFAULT CHARSET=utf8mb4 COLLATE=utf8mb4_general_ci;

--
-- Dumping data untuk tabel `penilaian`
--

INSERT INTO `penilaian` (`id_penilaian`, `id_wisata`, `id_kriteria`, `nilai`) VALUES
(1, 22, 11, 3),
(2, 22, 12, 5),
(3, 22, 21, 1),
(4, 22, 22, 5),
(5, 22, 23, 2),
(6, 22, 24, 4),
(7, 22, 25, 4),
(8, 22, 26, 5),
(9, 22, 27, 1),
(10, 22, 29, 2),
(11, 23, 11, 2),
(12, 23, 12, 2),
(13, 23, 21, 3),
(14, 23, 22, 3),
(15, 23, 23, 1),
(16, 23, 24, 1),
(17, 23, 25, 4),
(18, 23, 26, 3),
(19, 23, 27, 2),
(20, 23, 29, 3),
(21, 24, 11, 4),
(22, 24, 12, 1),
(23, 24, 21, 3),
(24, 24, 22, 5),
(25, 24, 23, 1),
(26, 24, 24, 3),
(27, 24, 25, 4),
(28, 24, 26, 3),
(29, 24, 27, 2),
(30, 24, 29, 1),
(31, 25, 11, 3),
(32, 25, 12, 2),
(33, 25, 21, 4),
(34, 25, 22, 3),
(35, 25, 23, 1),
(36, 25, 24, 2),
(37, 25, 25, 2),
(38, 25, 26, 3),
(39, 25, 27, 4),
(40, 25, 29, 5),
(41, 26, 11, 3),
(42, 26, 12, 5),
(43, 26, 21, 4),
(44, 26, 22, 4),
(45, 26, 23, 2),
(46, 26, 24, 1),
(47, 26, 25, 5),
(48, 26, 26, 2),
(49, 26, 27, 1),
(50, 26, 29, 2),
(51, 27, 11, 2),
(52, 27, 12, 5),
(53, 27, 21, 4),
(54, 27, 22, 4),
(55, 27, 23, 4),
(56, 27, 24, 1),
(57, 27, 25, 5),
(58, 27, 26, 5),
(59, 27, 27, 3),
(60, 27, 29, 5),
(61, 28, 11, 1),
(62, 28, 12, 2),
(63, 28, 21, 3),
(64, 28, 22, 4),
(65, 28, 23, 5),
(66, 28, 24, 3),
(67, 28, 25, 2),
(68, 28, 26, 1),
(69, 28, 27, 1),
(70, 28, 29, 1),
(71, 29, 11, 2),
(72, 29, 12, 4),
(73, 29, 21, 1),
(74, 29, 22, 1),
(75, 29, 23, 4),
(76, 29, 24, 3),
(77, 29, 25, 3),
(78, 29, 26, 5),
(79, 29, 27, 3),
(80, 29, 29, 1),
(81, 30, 11, 1),
(82, 30, 12, 2),
(83, 30, 21, 3),
(84, 30, 22, 4),
(85, 30, 23, 2),
(86, 30, 24, 3),
(87, 30, 25, 2),
(88, 30, 26, 1),
(89, 30, 27, 5),
(90, 30, 29, 3),
(91, 31, 11, 1),
(92, 31, 12, 1),
(93, 31, 21, 3),
(94, 31, 22, 5),
(95, 31, 23, 3),
(96, 31, 24, 2),
(97, 31, 25, 4),
(98, 31, 26, 1),
(99, 31, 27, 1),
(100, 31, 29, 5),
(101, 32, 11, 5),
(102, 32, 12, 1),
(103, 32, 21, 2),
(104, 32, 22, 5),
(105, 32, 23, 4),
(106, 32, 24, 2),
(107, 32, 25, 4),
(108, 32, 26, 2),
(109, 32, 27, 1),
(110, 32, 29, 1),
(111, 33, 11, 2),
(112, 33, 12, 1),
(113, 33, 21, 5),
(114, 33, 22, 4),
(115, 33, 23, 1),
(116, 33, 24, 1),
(117, 33, 25, 3),
(118, 33, 26, 5),
(119, 33, 27, 1),
(120, 33, 29, 4),
(121, 34, 11, 1),
(122, 34, 12, 1),
(123, 34, 21, 4),
(124, 34, 22, 2),
(125, 34, 23, 4),
(126, 34, 24, 4),
(127, 34, 25, 4),
(128, 34, 26, 2),
(129, 34, 27, 4),
(130, 34, 29, 1),
(131, 35, 11, 3),
(132, 35, 12, 2),
(133, 35, 21, 4),
(134, 35, 22, 2),
(135, 35, 23, 4),
(136, 35, 24, 4),
(137, 35, 25, 1),
(138, 35, 26, 2),
(139, 35, 27, 1),
(140, 35, 29, 1),
(141, 36, 11, 1),
(142, 36, 12, 2),
(143, 36, 21, 3),
(144, 36, 22, 3),
(145, 36, 23, 1),
(146, 36, 24, 4),
(147, 36, 25, 4),
(148, 36, 26, 5),
(149, 36, 27, 3),
(150, 36, 29, 2),
(151, 37, 11, 4),
(152, 37, 12, 1),
(153, 37, 21, 1),
(154, 37, 22, 4),
(155, 37, 23, 2),
(156, 37, 24, 3),
(157, 37, 25, 4),
(158, 37, 26, 5),
(159, 37, 27, 3),
(160, 37, 29, 4),
(161, 38, 11, 2),
(162, 38, 12, 3),
(163, 38, 21, 2),
(164, 38, 22, 1),
(165, 38, 23, 3),
(166, 38, 24, 2),
(167, 38, 25, 4),
(168, 38, 26, 1),
(169, 38, 27, 3),
(170, 38, 29, 3),
(171, 39, 11, 1),
(172, 39, 12, 3),
(173, 39, 21, 5),
(174, 39, 22, 4),
(175, 39, 23, 4),
(176, 39, 24, 5),
(177, 39, 25, 3),
(178, 39, 26, 1),
(179, 39, 27, 1),
(180, 39, 29, 1),
(181, 40, 11, 3),
(182, 40, 12, 3),
(183, 40, 21, 2),
(184, 40, 22, 5),
(185, 40, 23, 1),
(186, 40, 24, 5),
(187, 40, 25, 1),
(188, 40, 26, 3),
(189, 40, 27, 1),
(190, 40, 29, 5),
(191, 41, 11, 3),
(192, 41, 12, 3),
(193, 41, 21, 2),
(194, 41, 22, 4),
(195, 41, 23, 5),
(196, 41, 24, 1),
(197, 41, 25, 5),
(198, 41, 26, 2),
(199, 41, 27, 4),
(200, 41, 29, 4),
(201, 42, 11, 3),
(202, 42, 12, 2),
(203, 42, 21, 1),
(204, 42, 22, 1),
(205, 42, 23, 5),
(206, 42, 24, 4),
(207, 42, 25, 5),
(208, 42, 26, 1),
(209, 42, 27, 2),
(210, 42, 29, 5),
(211, 43, 11, 4),
(212, 43, 12, 3),
(213, 43, 21, 4),
(214, 43, 22, 5),
(215, 43, 23, 1),
(216, 43, 24, 1),
(217, 43, 25, 1),
(218, 43, 26, 5),
(219, 43, 27, 4),
(220, 43, 29, 1),
(221, 44, 11, 4),
(222, 44, 12, 3),
(223, 44, 21, 2),
(224, 44, 22, 3),
(225, 44, 23, 5),
(226, 44, 24, 3),
(227, 44, 25, 5),
(228, 44, 26, 3),
(229, 44, 27, 5),
(230, 44, 29, 3),
(231, 45, 11, 2),
(232, 45, 12, 3),
(233, 45, 21, 4),
(234, 45, 22, 5),
(235, 45, 23, 3),
(236, 45, 24, 4),
(237, 45, 25, 1),
(238, 45, 26, 1),
(239, 45, 27, 5),
(240, 45, 29, 1),
(241, 46, 11, 2),
(242, 46, 12, 3),
(243, 46, 21, 3),
(244, 46, 22, 3),
(245, 46, 23, 5),
(246, 46, 24, 4),
(247, 46, 25, 1),
(248, 46, 26, 5),
(249, 46, 27, 4),
(250, 46, 29, 5),
(251, 47, 11, 5),
(252, 47, 12, 3),
(253, 47, 21, 4),
(254, 47, 22, 5),
(255, 47, 23, 2),
(256, 47, 24, 1),
(257, 47, 25, 4),
(258, 47, 26, 5),
(259, 47, 27, 1),
(260, 47, 29, 4),
(261, 48, 11, 1),
(262, 48, 12, 1),
(263, 48, 21, 5),
(264, 48, 22, 4),
(265, 48, 23, 3),
(266, 48, 24, 2),
(267, 48, 25, 5),
(268, 48, 26, 4),
(269, 48, 27, 3),
(270, 48, 29, 5),
(321, 49, 11, 5),
(322, 49, 12, 2),
(323, 49, 21, 1),
(324, 49, 22, 2),
(325, 49, 23, 3),
(326, 49, 24, 3),
(327, 49, 25, 2),
(328, 49, 26, 4),
(329, 49, 27, 5),
(330, 49, 29, 1),
(331, 50, 11, 5),
(332, 50, 12, 3),
(333, 50, 21, 5),
(334, 50, 22, 5),
(335, 50, 23, 5),
(336, 50, 24, 2),
(337, 50, 25, 3),
(338, 50, 26, 3),
(339, 50, 27, 2),
(340, 50, 29, 3),
(341, 51, 11, 3),
(342, 51, 12, 1),
(343, 51, 21, 4),
(344, 51, 22, 4),
(345, 51, 23, 1),
(346, 51, 24, 5),
(347, 51, 25, 3),
(348, 51, 26, 5),
(349, 51, 27, 5),
(350, 51, 29, 5),
(351, 52, 11, 4),
(352, 52, 12, 3),
(353, 52, 21, 1),
(354, 52, 22, 1),
(355, 52, 23, 2),
(356, 52, 24, 2),
(357, 52, 25, 5),
(358, 52, 26, 2),
(359, 52, 27, 3),
(360, 52, 29, 3),
(361, 53, 11, 3),
(362, 53, 12, 5),
(363, 53, 21, 5),
(364, 53, 22, 2),
(365, 53, 23, 3),
(366, 53, 24, 1),
(367, 53, 25, 4),
(368, 53, 26, 5),
(369, 53, 27, 4),
(370, 53, 29, 5),
(371, 54, 11, 4),
(372, 54, 12, 2),
(373, 54, 21, 4),
(374, 54, 22, 4),
(375, 54, 23, 3),
(376, 54, 24, 2),
(377, 54, 25, 3),
(378, 54, 26, 3),
(379, 54, 27, 5),
(380, 54, 29, 5),
(381, 55, 11, 4),
(382, 55, 12, 2),
(383, 55, 21, 4),
(384, 55, 22, 1),
(385, 55, 23, 1),
(386, 55, 24, 5),
(387, 55, 25, 1),
(388, 55, 26, 5),
(389, 55, 27, 1),
(390, 55, 29, 3),
(391, 56, 11, 4),
(392, 56, 12, 3),
(393, 56, 21, 4),
(394, 56, 22, 2),
(395, 56, 23, 4),
(396, 56, 24, 1),
(397, 56, 25, 3),
(398, 56, 26, 5),
(399, 56, 27, 2),
(400, 56, 29, 1),
(401, 57, 11, 5),
(402, 57, 12, 5),
(403, 57, 21, 5),
(404, 57, 22, 1),
(405, 57, 23, 5),
(406, 57, 24, 3),
(407, 57, 25, 5),
(408, 57, 26, 4),
(409, 57, 27, 1),
(410, 57, 29, 1),
(411, 58, 11, 3),
(412, 58, 12, 1),
(413, 58, 21, 1),
(414, 58, 22, 2),
(415, 58, 23, 4),
(416, 58, 24, 1),
(417, 58, 25, 5),
(418, 58, 26, 1),
(419, 58, 27, 3),
(420, 58, 29, 1),
(421, 59, 11, 1),
(422, 59, 12, 5),
(423, 59, 21, 5),
(424, 59, 22, 2),
(425, 59, 23, 2),
(426, 59, 24, 5),
(427, 59, 25, 4),
(428, 59, 26, 4),
(429, 59, 27, 4),
(430, 59, 29, 5),
(431, 60, 11, 1),
(432, 60, 12, 1),
(433, 60, 21, 1),
(434, 60, 22, 4),
(435, 60, 23, 1),
(436, 60, 24, 2),
(437, 60, 25, 2),
(438, 60, 26, 2),
(439, 60, 27, 4),
(440, 60, 29, 1),
(441, 63, 11, 4),
(442, 63, 12, 4),
(443, 63, 21, 3),
(444, 63, 22, 3),
(445, 63, 23, 4),
(446, 63, 24, 5),
(447, 63, 25, 3),
(448, 63, 26, 5),
(449, 63, 27, 2),
(450, 63, 29, 3),
(451, 64, 11, 5),
(452, 64, 12, 3),
(453, 64, 21, 1),
(454, 64, 22, 5),
(455, 64, 23, 4),
(456, 64, 24, 2),
(457, 64, 25, 5),
(458, 64, 26, 5),
(459, 64, 27, 2),
(460, 64, 29, 5),
(461, 65, 11, 3),
(462, 65, 12, 4),
(463, 65, 21, 1),
(464, 65, 22, 3),
(465, 65, 23, 4),
(466, 65, 24, 2),
(467, 65, 25, 4),
(468, 65, 26, 4),
(469, 65, 27, 5),
(470, 65, 29, 4),
(471, 66, 11, 2),
(472, 66, 12, 4),
(473, 66, 21, 5),
(474, 66, 22, 3),
(475, 66, 23, 4),
(476, 66, 24, 1),
(477, 66, 25, 3),
(478, 66, 26, 3),
(479, 66, 27, 4),
(480, 66, 29, 3),
(481, 67, 11, 2),
(482, 67, 12, 5),
(483, 67, 21, 4),
(484, 67, 22, 4),
(485, 67, 23, 1),
(486, 67, 24, 4),
(487, 67, 25, 3),
(488, 67, 26, 4),
(489, 67, 27, 5),
(490, 67, 29, 3),
(491, 68, 11, 3),
(492, 68, 12, 4),
(493, 68, 21, 3),
(494, 68, 22, 3),
(495, 68, 23, 4),
(496, 68, 24, 5),
(497, 68, 25, 5),
(498, 68, 26, 2),
(499, 68, 27, 1),
(500, 68, 29, 5),
(501, 69, 11, 3),
(502, 69, 12, 4),
(503, 69, 21, 5),
(504, 69, 22, 4),
(505, 69, 23, 5),
(506, 69, 24, 1),
(507, 69, 25, 5),
(508, 69, 26, 1),
(509, 69, 27, 1),
(510, 69, 29, 1),
(511, 70, 11, 2),
(512, 70, 12, 5),
(513, 70, 21, 4),
(514, 70, 22, 5),
(515, 70, 23, 2),
(516, 70, 24, 5),
(517, 70, 25, 2),
(518, 70, 26, 1),
(519, 70, 27, 5),
(520, 70, 29, 2),
(521, 71, 11, 4),
(522, 71, 12, 3),
(523, 71, 21, 3),
(524, 71, 22, 1),
(525, 71, 23, 5),
(526, 71, 24, 1),
(527, 71, 25, 5),
(528, 71, 26, 4),
(529, 71, 27, 4),
(530, 71, 29, 2),
(531, 72, 11, 2),
(532, 72, 12, 2),
(533, 72, 21, 4),
(534, 72, 22, 2),
(535, 72, 23, 4),
(536, 72, 24, 4),
(537, 72, 25, 5),
(538, 72, 26, 3),
(539, 72, 27, 3),
(540, 72, 29, 4),
(541, 73, 11, 4),
(542, 73, 12, 3),
(543, 73, 21, 1),
(544, 73, 22, 2),
(545, 73, 23, 3),
(546, 73, 24, 3),
(547, 73, 25, 1),
(548, 73, 26, 4),
(549, 73, 27, 2),
(550, 73, 29, 2),
(551, 74, 11, 4),
(552, 74, 12, 1),
(553, 74, 21, 1),
(554, 74, 22, 3),
(555, 74, 23, 1),
(556, 74, 24, 3),
(557, 74, 25, 3),
(558, 74, 26, 2),
(559, 74, 27, 2),
(560, 74, 29, 2),
(561, 75, 11, 2),
(562, 75, 12, 2),
(563, 75, 21, 5),
(564, 75, 22, 2),
(565, 75, 23, 3),
(566, 75, 24, 3),
(567, 75, 25, 2),
(568, 75, 26, 5),
(569, 75, 27, 2),
(570, 75, 29, 2),
(571, 76, 11, 3),
(572, 76, 12, 2),
(573, 76, 21, 4),
(574, 76, 22, 5),
(575, 76, 23, 4),
(576, 76, 24, 2),
(577, 76, 25, 1),
(578, 76, 26, 2),
(579, 76, 27, 1),
(580, 76, 29, 5),
(581, 77, 11, 2),
(582, 77, 12, 1),
(583, 77, 21, 5),
(584, 77, 22, 4),
(585, 77, 23, 3),
(586, 77, 24, 3),
(587, 77, 25, 3),
(588, 77, 26, 4),
(589, 77, 27, 5),
(590, 77, 29, 5),
(591, 78, 11, 4),
(592, 78, 12, 4),
(593, 78, 21, 4),
(594, 78, 22, 2),
(595, 78, 23, 4),
(596, 78, 24, 3),
(597, 78, 25, 1),
(598, 78, 26, 2),
(599, 78, 27, 1),
(600, 78, 29, 4),
(601, 79, 11, 2),
(602, 79, 12, 2),
(603, 79, 21, 2),
(604, 79, 22, 3),
(605, 79, 23, 4),
(606, 79, 24, 2),
(607, 79, 25, 3),
(608, 79, 26, 4),
(609, 79, 27, 3),
(610, 79, 29, 3),
(611, 80, 11, 2),
(612, 80, 12, 5),
(613, 80, 21, 1),
(614, 80, 22, 1),
(615, 80, 23, 3),
(616, 80, 24, 1),
(617, 80, 25, 5),
(618, 80, 26, 2),
(619, 80, 27, 4),
(620, 80, 29, 3),
(621, 81, 11, 2),
(622, 81, 12, 4),
(623, 81, 21, 3),
(624, 81, 22, 5),
(625, 81, 23, 3),
(626, 81, 24, 5),
(627, 81, 25, 2),
(628, 81, 26, 5),
(629, 81, 27, 3),
(630, 81, 29, 2),
(631, 82, 11, 4),
(632, 82, 12, 1),
(633, 82, 21, 3),
(634, 82, 22, 4),
(635, 82, 23, 3),
(636, 82, 24, 1),
(637, 82, 25, 2),
(638, 82, 26, 3),
(639, 82, 27, 2),
(640, 82, 29, 3),
(641, 83, 11, 3),
(642, 83, 12, 5),
(643, 83, 21, 4),
(644, 83, 22, 4),
(645, 83, 23, 3),
(646, 83, 24, 2),
(647, 83, 25, 2),
(648, 83, 26, 1),
(649, 83, 27, 1),
(650, 83, 29, 4),
(651, 84, 11, 5),
(652, 84, 12, 3),
(653, 84, 21, 1),
(654, 84, 22, 5),
(655, 84, 23, 2),
(656, 84, 24, 2),
(657, 84, 25, 4),
(658, 84, 26, 4),
(659, 84, 27, 5),
(660, 84, 29, 1),
(661, 85, 11, 2),
(662, 85, 12, 1),
(663, 85, 21, 1),
(664, 85, 22, 3),
(665, 85, 23, 1),
(666, 85, 24, 5),
(667, 85, 25, 3),
(668, 85, 26, 5),
(669, 85, 27, 2),
(670, 85, 29, 5),
(671, 86, 11, 4),
(672, 86, 12, 3),
(673, 86, 21, 3),
(674, 86, 22, 5),
(675, 86, 23, 2),
(676, 86, 24, 4),
(677, 86, 25, 3),
(678, 86, 26, 4),
(679, 86, 27, 1),
(680, 86, 29, 5),
(681, 87, 11, 1),
(682, 87, 12, 1),
(683, 87, 21, 1),
(684, 87, 22, 3),
(685, 87, 23, 3),
(686, 87, 24, 1),
(687, 87, 25, 5),
(688, 87, 26, 4),
(689, 87, 27, 5),
(690, 87, 29, 3),
(691, 88, 11, 3),
(692, 88, 12, 3),
(693, 88, 21, 2),
(694, 88, 22, 3),
(695, 88, 23, 5),
(696, 88, 24, 3),
(697, 88, 25, 1),
(698, 88, 26, 2),
(699, 88, 27, 5),
(700, 88, 29, 5),
(701, 89, 11, 1),
(702, 89, 12, 2),
(703, 89, 21, 3),
(704, 89, 22, 4),
(705, 89, 23, 2),
(706, 89, 24, 4),
(707, 89, 25, 4),
(708, 89, 26, 4),
(709, 89, 27, 5),
(710, 89, 29, 4),
(711, 90, 11, 1),
(712, 90, 12, 5),
(713, 90, 21, 4),
(714, 90, 22, 3),
(715, 90, 23, 4),
(716, 90, 24, 5),
(717, 90, 25, 1),
(718, 90, 26, 4),
(719, 90, 27, 2),
(720, 90, 29, 2),
(721, 91, 11, 5),
(722, 91, 12, 4),
(723, 91, 21, 5),
(724, 91, 22, 5),
(725, 91, 23, 4),
(726, 91, 24, 2),
(727, 91, 25, 1),
(728, 91, 26, 1),
(729, 91, 27, 3),
(730, 91, 29, 2),
(731, 92, 11, 4),
(732, 92, 12, 4),
(733, 92, 21, 3),
(734, 92, 22, 4),
(735, 92, 23, 2),
(736, 92, 24, 1),
(737, 92, 25, 2),
(738, 92, 26, 5),
(739, 92, 27, 2),
(740, 92, 29, 4),
(741, 93, 11, 3),
(742, 93, 12, 1),
(743, 93, 21, 1),
(744, 93, 22, 4),
(745, 93, 23, 4),
(746, 93, 24, 4),
(747, 93, 25, 5),
(748, 93, 26, 5),
(749, 93, 27, 1),
(750, 93, 29, 1),
(751, 94, 11, 3),
(752, 94, 12, 4),
(753, 94, 21, 1),
(754, 94, 22, 3),
(755, 94, 23, 1),
(756, 94, 24, 1),
(757, 94, 25, 2),
(758, 94, 26, 1),
(759, 94, 27, 3),
(760, 94, 29, 3),
(761, 95, 11, 2),
(762, 95, 12, 1),
(763, 95, 21, 3),
(764, 95, 22, 4),
(765, 95, 23, 4),
(766, 95, 24, 2),
(767, 95, 25, 4),
(768, 95, 26, 2),
(769, 95, 27, 3),
(770, 95, 29, 3),
(771, 96, 11, 5),
(772, 96, 12, 2),
(773, 96, 21, 2),
(774, 96, 22, 1),
(775, 96, 23, 4),
(776, 96, 24, 1),
(777, 96, 25, 3),
(778, 96, 26, 1),
(779, 96, 27, 1),
(780, 96, 29, 4),
(781, 97, 11, 4),
(782, 97, 12, 2),
(783, 97, 21, 3),
(784, 97, 22, 4),
(785, 97, 23, 1),
(786, 97, 24, 1),
(787, 97, 25, 3),
(788, 97, 26, 5),
(789, 97, 27, 3),
(790, 97, 29, 5),
(791, 98, 11, 3),
(792, 98, 12, 2),
(793, 98, 21, 1),
(794, 98, 22, 5),
(795, 98, 23, 3),
(796, 98, 24, 2),
(797, 98, 25, 1),
(798, 98, 26, 1),
(799, 98, 27, 1),
(800, 98, 29, 3),
(801, 99, 11, 1),
(802, 99, 12, 1),
(803, 99, 21, 4),
(804, 99, 22, 2),
(805, 99, 23, 3),
(806, 99, 24, 5),
(807, 99, 25, 4),
(808, 99, 26, 3),
(809, 99, 27, 3),
(810, 99, 29, 3),
(811, 100, 11, 1),
(812, 100, 12, 5),
(813, 100, 21, 4),
(814, 100, 22, 1),
(815, 100, 23, 4),
(816, 100, 24, 3),
(817, 100, 25, 5),
(818, 100, 26, 3),
(819, 100, 27, 4),
(820, 100, 29, 4),
(821, 101, 11, 3),
(822, 101, 12, 3),
(823, 101, 21, 4),
(824, 101, 22, 5),
(825, 101, 23, 4),
(826, 101, 24, 4),
(827, 101, 25, 3),
(828, 101, 26, 2),
(829, 101, 27, 2),
(830, 101, 29, 4),
(831, 102, 11, 3),
(832, 102, 12, 2),
(833, 102, 21, 1),
(834, 102, 22, 3),
(835, 102, 23, 2),
(836, 102, 24, 5),
(837, 102, 25, 5),
(838, 102, 26, 4),
(839, 102, 27, 1),
(840, 102, 29, 3),
(841, 103, 11, 1),
(842, 103, 12, 1),
(843, 103, 21, 5),
(844, 103, 22, 4),
(845, 103, 23, 3),
(846, 103, 24, 3),
(847, 103, 25, 4),
(848, 103, 26, 5),
(849, 103, 27, 2),
(850, 103, 29, 1),
(851, 104, 11, 3),
(852, 104, 12, 3),
(853, 104, 21, 3),
(854, 104, 22, 3),
(855, 104, 23, 4),
(856, 104, 24, 3),
(857, 104, 25, 1),
(858, 104, 26, 1),
(859, 104, 27, 1),
(860, 104, 29, 4),
(861, 105, 11, 2),
(862, 105, 12, 1),
(863, 105, 21, 4),
(864, 105, 22, 4),
(865, 105, 23, 4),
(866, 105, 24, 3),
(867, 105, 25, 2),
(868, 105, 26, 1),
(869, 105, 27, 4),
(870, 105, 29, 5),
(871, 106, 11, 2),
(872, 106, 12, 2),
(873, 106, 21, 3),
(874, 106, 22, 4),
(875, 106, 23, 2),
(876, 106, 24, 1),
(877, 106, 25, 1),
(878, 106, 26, 2),
(879, 106, 27, 2),
(880, 106, 29, 1),
(881, 107, 11, 5),
(882, 107, 12, 4),
(883, 107, 21, 3),
(884, 107, 22, 1),
(885, 107, 23, 4),
(886, 107, 24, 1),
(887, 107, 25, 2),
(888, 107, 26, 2),
(889, 107, 27, 1),
(890, 107, 29, 1),
(891, 108, 11, 1),
(892, 108, 12, 4),
(893, 108, 21, 3),
(894, 108, 22, 2),
(895, 108, 23, 3),
(896, 108, 24, 3),
(897, 108, 25, 2),
(898, 108, 26, 3),
(899, 108, 27, 1),
(900, 108, 29, 5),
(901, 109, 11, 2),
(902, 109, 12, 1),
(903, 109, 21, 5),
(904, 109, 22, 3),
(905, 109, 23, 2),
(906, 109, 24, 1),
(907, 109, 25, 5),
(908, 109, 26, 4),
(909, 109, 27, 5),
(910, 109, 29, 4),
(911, 110, 11, 1),
(912, 110, 12, 3),
(913, 110, 21, 5),
(914, 110, 22, 2),
(915, 110, 23, 4),
(916, 110, 24, 1),
(917, 110, 25, 3),
(918, 110, 26, 4),
(919, 110, 27, 4),
(920, 110, 29, 5),
(921, 111, 11, 3),
(922, 111, 12, 3),
(923, 111, 21, 3),
(924, 111, 22, 2),
(925, 111, 23, 1),
(926, 111, 24, 1),
(927, 111, 25, 2),
(928, 111, 26, 1),
(929, 111, 27, 1),
(930, 111, 29, 2),
(931, 112, 11, 3),
(932, 112, 12, 5),
(933, 112, 21, 1),
(934, 112, 22, 2),
(935, 112, 23, 2),
(936, 112, 24, 5),
(937, 112, 25, 4),
(938, 112, 26, 1),
(939, 112, 27, 4),
(940, 112, 29, 5),
(941, 113, 11, 5),
(942, 113, 12, 2),
(943, 113, 21, 1),
(944, 113, 22, 3),
(945, 113, 23, 4),
(946, 113, 24, 3),
(947, 113, 25, 3),
(948, 113, 26, 3),
(949, 113, 27, 4),
(950, 113, 29, 5),
(951, 114, 11, 5),
(952, 114, 12, 3),
(953, 114, 21, 5),
(954, 114, 22, 2),
(955, 114, 23, 3),
(956, 114, 24, 4),
(957, 114, 25, 1),
(958, 114, 26, 5),
(959, 114, 27, 3),
(960, 114, 29, 4),
(961, 115, 11, 3),
(962, 115, 12, 2),
(963, 115, 21, 4),
(964, 115, 22, 3),
(965, 115, 23, 1),
(966, 115, 24, 5),
(967, 115, 25, 4),
(968, 115, 26, 5),
(969, 115, 27, 1),
(970, 115, 29, 4),
(971, 117, 11, 3),
(972, 117, 12, 1),
(973, 117, 21, 2),
(974, 117, 22, 3),
(975, 117, 23, 4),
(976, 117, 24, 5),
(977, 117, 25, 1),
(978, 117, 26, 5),
(979, 117, 27, 1),
(980, 117, 29, 2),
(981, 118, 11, 3),
(982, 118, 12, 5),
(983, 118, 21, 4),
(984, 118, 22, 2),
(985, 118, 23, 2),
(986, 118, 24, 4),
(987, 118, 25, 4),
(988, 118, 26, 3),
(989, 118, 27, 3),
(990, 118, 29, 3),
(991, 119, 11, 5),
(992, 119, 12, 3),
(993, 119, 21, 5),
(994, 119, 22, 1),
(995, 119, 23, 4),
(996, 119, 24, 5),
(997, 119, 25, 4),
(998, 119, 26, 5),
(999, 119, 27, 3),
(1000, 119, 29, 5),
(1001, 120, 11, 1),
(1002, 120, 12, 5),
(1003, 120, 21, 1),
(1004, 120, 22, 4),
(1005, 120, 23, 4),
(1006, 120, 24, 5),
(1007, 120, 25, 4),
(1008, 120, 26, 2),
(1009, 120, 27, 4),
(1010, 120, 29, 2),
(1011, 121, 11, 5),
(1012, 121, 12, 5),
(1013, 121, 21, 2),
(1014, 121, 22, 2),
(1015, 121, 23, 1),
(1016, 121, 24, 1),
(1017, 121, 25, 4),
(1018, 121, 26, 5),
(1019, 121, 27, 4),
(1020, 121, 29, 1),
(1021, 122, 11, 4),
(1022, 122, 12, 4),
(1023, 122, 21, 5),
(1024, 122, 22, 5),
(1025, 122, 23, 3),
(1026, 122, 24, 3),
(1027, 122, 25, 1),
(1028, 122, 26, 4),
(1029, 122, 27, 4),
(1030, 122, 29, 2),
(1031, 123, 11, 3),
(1032, 123, 12, 2),
(1033, 123, 21, 4),
(1034, 123, 22, 3),
(1035, 123, 23, 1),
(1036, 123, 24, 4),
(1037, 123, 25, 1),
(1038, 123, 26, 3),
(1039, 123, 27, 2),
(1040, 123, 29, 1),
(1041, 124, 11, 3),
(1042, 124, 12, 2),
(1043, 124, 21, 1),
(1044, 124, 22, 1),
(1045, 124, 23, 1),
(1046, 124, 24, 4),
(1047, 124, 25, 4),
(1048, 124, 26, 4),
(1049, 124, 27, 3),
(1050, 124, 29, 4);

-- --------------------------------------------------------

--
-- Struktur dari tabel `rekomendasi`
--

CREATE TABLE `rekomendasi` (
  `id_rekomendasi` int(11) NOT NULL,
  `id_wisata` int(11) DEFAULT NULL,
  `preferensi` double(6,4) DEFAULT NULL
) ENGINE=InnoDB DEFAULT CHARSET=utf8mb4 COLLATE=utf8mb4_general_ci;

--
-- Dumping data untuk tabel `rekomendasi`
--

INSERT INTO `rekomendasi` (`id_rekomendasi`, `id_wisata`, `preferensi`) VALUES
(18044, 22, 0.5500),
(18045, 23, 0.4800),
(18046, 24, 0.5700),
(18047, 25, 0.5100),
(18048, 26, 0.4700),
(18049, 27, 0.6700),
(18050, 28, 0.6500),
(18051, 29, 0.5000),
(18052, 30, 0.6200),
(18053, 31, 0.7100),
(18054, 32, 0.5800),
(18055, 33, 0.6300),
(18056, 34, 0.7200),
(18057, 35, 0.5100),
(18058, 36, 0.6500),
(18059, 37, 0.6100),
(18060, 38, 0.4300),
(18061, 39, 0.6900),
(18062, 40, 0.5300),
(18063, 41, 0.5800),
(18064, 42, 0.5200),
(18065, 43, 0.5100),
(18066, 44, 0.6000),
(18067, 45, 0.6000),
(18068, 46, 0.6900),
(18069, 47, 0.5600),
(18070, 48, 0.8100),
(18071, 49, 0.4700),
(18072, 50, 0.6400),
(18073, 51, 0.7100),
(18074, 52, 0.3700),
(18075, 53, 0.5700),
(18076, 54, 0.6100),
(18077, 55, 0.4800),
(18078, 56, 0.5100),
(18079, 57, 0.5400),
(18080, 58, 0.4800),
(18081, 59, 0.7000),
(18082, 60, 0.5700),
(18083, 63, 0.6100),
(18084, 64, 0.6100),
(18085, 65, 0.5600),
(18086, 66, 0.5900),
(18087, 67, 0.6000),
(18088, 68, 0.6000),
(18089, 69, 0.5600),
(18090, 70, 0.6000),
(18091, 71, 0.5200),
(18092, 72, 0.6500),
(18093, 73, 0.4300),
(18094, 74, 0.4500),
(18095, 75, 0.6000),
(18096, 76, 0.6000),
(18097, 77, 0.7600),
(18098, 78, 0.4800),
(18099, 79, 0.5900),
(18100, 80, 0.4200),
(18101, 81, 0.6700),
(18102, 82, 0.5600),
(18103, 83, 0.4900),
(18104, 84, 0.5100),
(18105, 85, 0.6200),
(18106, 86, 0.5900),
(18107, 87, 0.6800),
(18108, 88, 0.5700),
(18109, 89, 0.7300),
(18110, 90, 0.6900),
(18111, 91, 0.5500),
(18112, 92, 0.5000),
(18113, 93, 0.6600),
(18114, 94, 0.3400),
(18115, 95, 0.6600),
(18116, 96, 0.3900),
(18117, 97, 0.5300),
(18118, 98, 0.4700),
(18119, 99, 0.7400),
(18120, 100, 0.6500),
(18121, 101, 0.6400),
(18122, 102, 0.5400),
(18123, 103, 0.7900),
(18124, 104, 0.4900),
(18125, 105, 0.6900),
(18126, 106, 0.4700),
(18127, 107, 0.3700),
(18128, 108, 0.5900),
(18129, 109, 0.6700),
(18130, 110, 0.6800),
(18131, 111, 0.3200),
(18132, 112, 0.4600),
(18133, 113, 0.5500),
(18134, 114, 0.5700),
(18135, 115, 0.5900),
(18136, 117, 0.6400),
(18137, 118, 0.5100),
(18138, 119, 0.6300),
(18139, 120, 0.6700),
(18140, 121, 0.3900),
(18141, 122, 0.6100),
(18142, 123, 0.4800),
(18143, 124, 0.4500);

-- --------------------------------------------------------

--
-- Struktur dari tabel `user`
--

CREATE TABLE `user` (
  `id` int(11) NOT NULL,
  `username` varchar(50) NOT NULL,
  `pass` varchar(255) NOT NULL,
  `nama_lengkap` varchar(100) NOT NULL,
  `email` varchar(100) DEFAULT NULL,
  `no_hp` varchar(20) DEFAULT NULL
) ENGINE=InnoDB DEFAULT CHARSET=utf8mb4 COLLATE=utf8mb4_general_ci;

--
-- Dumping data untuk tabel `user`
--

INSERT INTO `user` (`id`, `username`, `pass`, `nama_lengkap`, `email`, `no_hp`) VALUES
(4, 'pengguna', 'user', 'Ahmad Budi LuhurRRRR', 'Ahmad@gmail.com', '08123456789'),
(6, 'pengguna1', 'user', 'Ahmad Budi Luhur', 'Ahmad@gmail.com', '08123456789'),
(10, 'pengguna2', 'user', 'Ahmad Budi Luhur', 'Ahmad@gmail.com', '08123456789'),
(11, 'pengguna3', 'user', 'Ahmad Budi Luhur', 'Ahmad@gmail.com', '08123456789'),
(12, 'pengguna4', 'user', 'Ahmad Budi Luhur', 'Ahmad@gmail.com', '08123456789'),
(13, 'pengguna5', 'user', 'Ahmad Budi Luhur', 'Ahmad@gmail.com', '08123456789'),
(14, 'pengguna6', 'user', 'Ahmad Budi Luhur', 'Ahmad@gmail.com', '08123456789'),
(15, 'pengguna7', 'user', 'Ahmad Budi Luhur', 'Ahmad@gmail.com', '08123456789'),
(16, 'pengguna8', 'user', 'Ahmad Budi Luhur', 'Ahmad@gmail.com', '08123456789'),
(17, 'pengguna9', 'user', 'Ahmad Budi Luhur', 'Ahmad@gmail.com', '08123456789'),
(18, 'pengguna10', 'user', 'Ahmad Budi Luhur', 'Ahmad@gmail.com', '08123456789');

-- --------------------------------------------------------

--
-- Struktur dari tabel `users`
--

CREATE TABLE `users` (
  `id` int(11) NOT NULL,
  `username` varchar(50) NOT NULL,
  `pass` varchar(255) NOT NULL,
  `level` enum('admin','user') NOT NULL DEFAULT 'admin'
) ENGINE=InnoDB DEFAULT CHARSET=utf8mb4 COLLATE=utf8mb4_general_ci;

--
-- Dumping data untuk tabel `users`
--

INSERT INTO `users` (`id`, `username`, `pass`, `level`) VALUES
(1, 'admin', '0192023a7bbd73250516f069df18b500', 'admin');

-- --------------------------------------------------------

--
-- Struktur dari tabel `wisata`
--

CREATE TABLE `wisata` (
  `id_wisata` int(11) NOT NULL,
  `nama_wisata` varchar(100) DEFAULT NULL,
  `lokasi` varchar(100) DEFAULT NULL,
  `deskripsi` text DEFAULT NULL
) ENGINE=InnoDB DEFAULT CHARSET=utf8mb4 COLLATE=utf8mb4_general_ci;

--
-- Dumping data untuk tabel `wisata`
--

INSERT INTO `wisata` (`id_wisata`, `nama_wisata`, `lokasi`, `deskripsi`) VALUES
(22, 'Pantai Anyer', NULL, NULL),
(23, 'Pantai Carita', NULL, NULL),
(24, 'Pantai Sawarna										', NULL, NULL),
(25, 'Pantai Tanjung Lesung', NULL, NULL),
(26, 'Taman Nasional Ujung Kulon									', NULL, NULL),
(27, 'Pulau Dua										', NULL, NULL),
(28, 'Pulau Peucang							', NULL, NULL),
(29, 'Pulau Umang										', NULL, NULL),
(30, 'Pulau Sangiang								', NULL, NULL),
(31, 'Gunung Krakatau										', NULL, NULL),
(32, 'Bukit Waruwangi									', NULL, NULL),
(33, 'Bukit Teletubbies', NULL, NULL),
(34, 'Bukit Pelayangan									', NULL, NULL),
(35, 'Bukit Panorama Serang										', NULL, NULL),
(36, 'Bukit Gede Pangrango									', NULL, NULL),
(37, 'Bukit Pangrango trails									', NULL, NULL),
(38, 'Curug Putri Carita									', NULL, NULL),
(39, 'Curug Langir							', NULL, NULL),
(40, 'Rawa Dano									', NULL, NULL),
(41, 'Danau Tasikardi								', NULL, NULL),
(42, 'Situ Cipondoh								', NULL, NULL),
(43, 'Tasikardi Lake	', NULL, NULL),
(44, 'Pintu Air Sepuluh', NULL, NULL),
(45, 'Krakatau Jungle Park', NULL, NULL),
(46, 'Krakatau Junction	', NULL, NULL),
(47, 'Krakatau Sailing Club', NULL, NULL),
(48, 'Marcopolo Waterpark', NULL, NULL),
(49, 'Ocean Park BSD', NULL, NULL),
(50, 'Citra Raya World of Wonders', NULL, NULL),
(51, 'Scientia Square Park ', NULL, NULL),
(52, 'Trans Snow World Bintaro ', NULL, NULL),
(53, 'Tropikana Waterpark ', NULL, NULL),
(54, 'MBS Tourism Park ', NULL, NULL),
(55, 'Koja Cliff Park ', NULL, NULL),
(56, 'Halimun Salak Park	', NULL, NULL),
(57, 'Legon Pari Sawarna', NULL, NULL),
(58, 'Legon Prima Beach', NULL, NULL),
(59, 'Salira Indah Beach', NULL, NULL),
(60, 'Pantai Florida', NULL, NULL),
(63, 'Pantai Merak 		', NULL, NULL),
(64, 'Pantai Bagedur', NULL, NULL),
(65, 'Pantai Sirih ', NULL, NULL),
(66, 'Pantai Tanjung Pasir ', NULL, NULL),
(67, 'Pantai Suka Hujan', NULL, NULL),
(68, 'Pantai Sumur', NULL, NULL),
(69, 'Pantai Talanca ', NULL, NULL),
(70, 'Pantai Tanjung Layar', NULL, NULL),
(71, 'Pulau Tunda', NULL, NULL),
(72, 'Pulau Manuk ', NULL, NULL),
(73, 'Merak Besar Island', NULL, NULL),
(74, 'Merak Kecil Island ', NULL, NULL),
(75, 'Kampung Wisata Suku Baduy	 ', NULL, NULL),
(76, 'Perkampungan Baduy Dalam	', NULL, NULL),
(77, 'Perkampungan Baduy Luar ', NULL, NULL),
(78, 'Kawasan Banten Lama ', NULL, NULL),
(79, 'Masjid Agung Banten', NULL, NULL),
(80, 'Keraton Surosowan', NULL, NULL),
(81, 'Benteng Speelwijk ', NULL, NULL),
(82, 'Multatuli Museum ', NULL, NULL),
(83, 'Sangkir Cave ', NULL, NULL),
(84, 'Langir Cave ', NULL, NULL),
(85, 'Gua Sunyaragi	 ', NULL, NULL),
(86, 'Kebun Binatang Mini ', NULL, NULL),
(87, 'Crocodile Park	 ', NULL, NULL),
(88, 'Spot Camping Ujung Kulon ', NULL, NULL),
(89, 'Trekking Baduy ', NULL, NULL),
(90, 'Surfing Sawarna ', NULL, NULL),
(91, 'Sunset Point Anyer	', NULL, NULL),
(92, 'Debus Culture Show ', NULL, NULL),
(93, 'Kampung Marenggo', NULL, NULL),
(94, 'Eat Station Tangerang ', NULL, NULL),
(95, 'Kayu Kayu Restaurant ', NULL, NULL),
(96, 'The Spoke Bistro	', NULL, NULL),
(97, 'Airport Hub ', NULL, NULL),
(98, 'Pasar Lama Kota Tangerang', NULL, NULL),
(99, 'AEON Mall BSD	', NULL, NULL),
(100, 'Summarecon Mal Serpong', NULL, NULL),
(101, 'Cilegon Center Mall', NULL, NULL),
(102, 'Cagar Alam Krakatau', NULL, NULL),
(103, 'Cagar Alam Pegunungan', NULL, NULL),
(104, 'Wisata Edukasi Peternakan', NULL, NULL),
(105, 'Agrowisata Pandeglang', NULL, NULL),
(106, 'Wisata Durian Pandeglang', NULL, NULL),
(107, 'Agro Wisata Cibaliung', NULL, NULL),
(108, 'Wisata Sawah Lebak', NULL, NULL),
(109, 'Kolam Pemancingan Alam', NULL, NULL),
(110, 'Situ Rawa Cipondoh ', NULL, NULL),
(111, 'Wisata Petik Buah', NULL, NULL),
(112, 'Kampung Inggris Serang ', NULL, NULL),
(113, 'Kampung Seni Baduy', NULL, NULL),
(114, 'Taman Wisata Lembah Hijau	', NULL, NULL),
(115, 'Taman Kota Cilegon', NULL, NULL),
(117, 'Taman Kota Serang', NULL, NULL),
(118, 'Taman Bougenville	', NULL, NULL),
(119, 'Taman Gajah Serang	', NULL, NULL),
(120, 'Taman Pelangi Pandeglang	', NULL, NULL),
(121, 'Alun-alun Pandeglang', NULL, NULL),
(122, 'Alun-alun Serang', NULL, NULL),
(123, 'Alun-alun RangkasBitung', NULL, NULL),
(124, 'Alun-alun Labuan', NULL, NULL);

-- --------------------------------------------------------

--
-- Struktur dari tabel `wisata_media`
--

CREATE TABLE `wisata_media` (
  `id` int(11) NOT NULL,
  `id_wisata` int(11) NOT NULL,
  `type` enum('foto','video') NOT NULL,
  `url` varchar(255) NOT NULL,
  `uploaded_at` timestamp NOT NULL DEFAULT current_timestamp()
) ENGINE=InnoDB DEFAULT CHARSET=utf8mb4 COLLATE=utf8mb4_general_ci;

--
-- Dumping data untuk tabel `wisata_media`
--

INSERT INTO `wisata_media` (`id`, `id_wisata`, `type`, `url`, `uploaded_at`) VALUES
(54, 89, 'foto', 'https://tse3.mm.bing.net/th/id/OIP.1-DaNfY3piluGDCttMnGtAAAAA?rs=1&pid=ImgDetMain&o=7&rm=3', '2025-07-07 12:47:21'),
(55, 89, 'video', 'https://youtu.be/2PDYL44VlBQ?si=Ew4YkGGU7D9NRM4F', '2025-07-07 12:49:13'),
(56, 89, 'foto', 'https://awsimages.detik.net.id/community/media/visual/2023/02/02/baduy-luar.jpeg?w=700&q=90', '2025-07-07 12:50:56'),
(57, 99, 'foto', 'https://www.sinarmasland.com/app/uploads/2020/07/Aeon-Mall-Thumbnail.jpg', '2025-07-07 12:52:07'),
(58, 99, 'video', 'https://youtu.be/T9AftYhT2DI?si=CIyp7PvF4EXndSSp', '2025-07-07 12:54:00'),
(59, 99, 'foto', 'https://blog.cove.id/content/images/2021/12/AEON-Mall-BSD.webp', '2025-07-07 12:55:20'),
(60, 77, 'foto', 'https://awsimages.detik.net.id/community/media/visual/2021/02/05/dev-lebih-dekat-mengenal-suku-baduy.jpeg?w=600&q=90', '2025-07-07 12:58:16'),
(61, 77, 'video', 'https://youtu.be/CDm_5uwzv70?si=T-mtrF6iSDDtVHdo', '2025-07-07 13:00:31'),
(62, 77, 'foto', 'https://ik.imagekit.io/carro/jualo/original/29135440/image_20201216-18322-1awz6ih.jpg?v=1608264398', '2025-07-07 13:01:55'),
(63, 103, 'foto', 'https://tse2.mm.bing.net/th/id/OIP.GiPDVwwRaAe8i_EYBfrmbQHaD5?w=700&h=368&rs=1&pid=ImgDetMain&o=7&rm=3', '2025-07-07 13:03:10'),
(64, 103, 'video', 'https://youtu.be/uY-I2LfMhg0?si=aVDzHyBp3cEZbMiT', '2025-07-07 13:06:16'),
(65, 103, 'foto', 'https://images.genpi.co/uploads/banten/arsip/normal/2021/12/14/wisata-rawa-danau-yang-berada-di-kabupaten-serang-foto-dis-lkel.jpg', '2025-07-07 13:07:53'),
(66, 48, 'foto', 'https://assets.pikiran-rakyat.com/crop/0x0:0x0/703x0/webp/photo/2023/05/27/464437817.jpeg', '2025-07-07 13:08:54'),
(67, 48, 'video', 'https://youtu.be/dDvG8P39kJc?si=nu2YRBtsPYQCSB9u\r\n', '2025-07-07 13:09:10'),
(68, 48, 'foto', 'https://assets.pikiran-rakyat.com/crop/0x0:0x0/703x0/webp/photo/2022/12/30/2722818748.jpeg', '2025-07-07 13:09:23');

--
-- Indexes for dumped tables
--

--
-- Indeks untuk tabel `kriteria`
--
ALTER TABLE `kriteria`
  ADD PRIMARY KEY (`no`);

--
-- Indeks untuk tabel `penilaian`
--
ALTER TABLE `penilaian`
  ADD PRIMARY KEY (`id_penilaian`),
  ADD UNIQUE KEY `id_wisata` (`id_wisata`,`id_kriteria`),
  ADD KEY `id_kriteria` (`id_kriteria`);

--
-- Indeks untuk tabel `rekomendasi`
--
ALTER TABLE `rekomendasi`
  ADD PRIMARY KEY (`id_rekomendasi`),
  ADD KEY `id_wisata` (`id_wisata`);

--
-- Indeks untuk tabel `user`
--
ALTER TABLE `user`
  ADD PRIMARY KEY (`id`),
  ADD UNIQUE KEY `username` (`username`);

--
-- Indeks untuk tabel `users`
--
ALTER TABLE `users`
  ADD PRIMARY KEY (`id`);

--
-- Indeks untuk tabel `wisata`
--
ALTER TABLE `wisata`
  ADD PRIMARY KEY (`id_wisata`);

--
-- Indeks untuk tabel `wisata_media`
--
ALTER TABLE `wisata_media`
  ADD PRIMARY KEY (`id`),
  ADD KEY `id_wisata` (`id_wisata`);

--
-- AUTO_INCREMENT untuk tabel yang dibuang
--

--
-- AUTO_INCREMENT untuk tabel `kriteria`
--
ALTER TABLE `kriteria`
  MODIFY `no` int(11) NOT NULL AUTO_INCREMENT, AUTO_INCREMENT=38;

--
-- AUTO_INCREMENT untuk tabel `penilaian`
--
ALTER TABLE `penilaian`
  MODIFY `id_penilaian` int(11) NOT NULL AUTO_INCREMENT, AUTO_INCREMENT=1051;

--
-- AUTO_INCREMENT untuk tabel `rekomendasi`
--
ALTER TABLE `rekomendasi`
  MODIFY `id_rekomendasi` int(11) NOT NULL AUTO_INCREMENT, AUTO_INCREMENT=18144;

--
-- AUTO_INCREMENT untuk tabel `user`
--
ALTER TABLE `user`
  MODIFY `id` int(11) NOT NULL AUTO_INCREMENT, AUTO_INCREMENT=20;

--
-- AUTO_INCREMENT untuk tabel `users`
--
ALTER TABLE `users`
  MODIFY `id` int(11) NOT NULL AUTO_INCREMENT, AUTO_INCREMENT=2;

--
-- AUTO_INCREMENT untuk tabel `wisata`
--
ALTER TABLE `wisata`
  MODIFY `id_wisata` int(11) NOT NULL AUTO_INCREMENT, AUTO_INCREMENT=131;

--
-- AUTO_INCREMENT untuk tabel `wisata_media`
--
ALTER TABLE `wisata_media`
  MODIFY `id` int(11) NOT NULL AUTO_INCREMENT, AUTO_INCREMENT=69;

--
-- Ketidakleluasaan untuk tabel pelimpahan (Dumped Tables)
--

--
-- Ketidakleluasaan untuk tabel `penilaian`
--
ALTER TABLE `penilaian`
  ADD CONSTRAINT `penilaian_ibfk_1` FOREIGN KEY (`id_wisata`) REFERENCES `wisata` (`id_wisata`) ON DELETE CASCADE,
  ADD CONSTRAINT `penilaian_ibfk_2` FOREIGN KEY (`id_kriteria`) REFERENCES `kriteria` (`no`) ON DELETE CASCADE;

--
-- Ketidakleluasaan untuk tabel `rekomendasi`
--
ALTER TABLE `rekomendasi`
  ADD CONSTRAINT `rekomendasi_ibfk_1` FOREIGN KEY (`id_wisata`) REFERENCES `wisata` (`id_wisata`) ON DELETE CASCADE;

--
-- Ketidakleluasaan untuk tabel `wisata_media`
--
ALTER TABLE `wisata_media`
  ADD CONSTRAINT `wisata_media_ibfk_1` FOREIGN KEY (`id_wisata`) REFERENCES `wisata` (`id_wisata`);
COMMIT;

/*!40101 SET CHARACTER_SET_CLIENT=@OLD_CHARACTER_SET_CLIENT */;
/*!40101 SET CHARACTER_SET_RESULTS=@OLD_CHARACTER_SET_RESULTS */;
/*!40101 SET COLLATION_CONNECTION=@OLD_COLLATION_CONNECTION */;
